{
  "model": "gbdt",
  "test_auc": 0.7764691823887175,
  "test_f1": 0.45847836897066135,
  "test_precision": 0.672992700729927,
  "test_recall": 0.3476621417797888
}